number,2theta,d^-2,index,a
1,40.6,0.202878,2,3.13977
2,58.6,0.403676,4,3.14784
3,73.5,0.603407,6,3.15334
4,87.28,0.802772,8,3.15681
5,100.88,1.00184,10,3.15937
6,115.14,1.2008,12,3.16123
7,131.38,1.39988,14,3.16242
